Sample Id,Type,mRNA Expression,Mutations
TCGA-A6-6654-01,Missense,258.316,K743R
TCGA-AA-3977-01,Missense,148.777723,"R476I, K467N"
TCGA-AA-A00N-01,Missense,95.892547,"A886T, R563Q"
TCGA-AA-A010-01,Missense,1271.814662,"R926Q, S766Y"
TCGA-AG-A002-01,Missense,2342.860257,"M839L, K499Q, E213K"
TCGA-AZ-4315-01,Missense,996.575," K742T, E401D"
TCGA-D5-6928-01,Missense,731.261, R620C
TCGA-EI-6917-01,Missense,344.698, S397N
TCGA-F4-6460-01,Missense,403.024, D94G
TCGA-F5-6814-01,Missense,810.724," K888N, D56Y"
TCGA-CA-6717-01,Truncating,714.993, E259*
TCGA-DY-A1H8-01,Truncating,52.6316, E155*
